Feature,Importance
tenure,0.16132541999438268
TotalCharges,0.15707840607406345
MonthlyCharges,0.14262940457794995
Contract,0.12956221973861964
OnlineSecurity,0.07645127497224842
TechSupport,0.05575850816798917
PaymentMethod,0.043048073623796736
InternetService,0.04145471452524482
OnlineBackup,0.028724386782688266
PaperlessBilling,0.023136439864248404
MultipleLines,0.020716945045383645
DeviceProtection,0.020563355463261778
gender,0.01728770866282117
StreamingMovies,0.015972108186249008
Dependents,0.015379685080060832
Partner,0.015329730076396096
SeniorCitizen,0.015205861711975301
StreamingTV,0.01448207479561408
PhoneService,0.0058936826570065385
